<?xml version="1.0" encoding="UTF-8"?>
<beans xmlns="http://www.springframework.org/schema/beans"
	xmlns:context="http://www.springframework.org/schema/context" xmlns:p="http://www.springframework.org/schema/p"
	xmlns:aop="http://www.springframework.org/schema/aop" xmlns:tx="http://www.springframework.org/schema/tx"
	xmlns:dubbo="http://code.alibabatech.com/schema/dubbo" xmlns:xsi="http://www.w3.org/2001/XMLSchema-instance"
	xmlns:mvc="http://www.springframework.org/schema/mvc"
	xsi:schemaLocation="http://www.springframework.org/schema/beans http://www.springframework.org/schema/beans/spring-beans-4.0.xsd
	http://www.springframework.org/schema/context http://www.springframework.org/schema/context/spring-context-4.0.xsd
	 http://code.alibabatech.com/schema/dubbo http://code.alibabatech.com/schema/dubbo/dubbo.xsd
	 http://www.springframework.org/schema/mvc http://www.springframework.org/schema/mvc/spring-mvc-4.2.xsd
	http://www.springframework.org/schema/aop http://www.springframework.org/schema/aop/spring-aop-4.0.xsd http://www.springframework.org/schema/tx http://www.springframework.org/schema/tx/spring-tx-4.0.xsd
	http://www.springframework.org/schema/util http://www.springframework.org/schema/util/spring-util-4.0.xsd">

	<!-- 加载属性文件 -->
	<context:property-placeholder location="classpath:resource/resource.properties" />

	<!-- 注解驱动 -->
	<mvc:annotation-driven />

	<!-- 注解扫描 -->
	<context:component-scan base-package="com.hw.istore.item.controller" />

	<!-- 视图解析器 -->
	<bean
		class="org.springframework.web.servlet.view.InternalResourceViewResolver">
		<property name="prefix" value="/WEB-INF/jsp/" />
		<property name="suffix" value=".jsp" />
	</bean>

	<!-- dubbo服务获取 -->
	<dubbo:application name="istore-item-web" />
	<dubbo:registry protocol="zookeeper" address="192.168.25.128:2181" />
	<dubbo:reference interface="com.hw.istore.service.ItemService"
		id="itemService" />

	<!-- 整合freemaker -->
	<bean id="freemarkerConfig"
		class="org.springframework.web.servlet.view.freemarker.FreeMarkerConfigurer">
		<property name="templateLoaderPath" value="/WEB-INF/ftl"></property>
		<property name="defaultEncoding" value="UTF-8"></property>
	</bean>

	<!-- 真正可以产生connection的工厂 -->
	<bean id="targetConnectionFactory" class="org.apache.activemq.ActiveMQConnectionFactory">
		<constructor-arg name="brokerURL" value="tcp://192.168.25.131:61616" />
	</bean>

	<!-- Spring用来管理真正的connectionFactory的connectionFactory -->
	<bean id="connectionFactory"
		class="org.springframework.jms.connection.SingleConnectionFactory">
		<property name="targetConnectionFactory" ref="targetConnectionFactory" />
	</bean>

	<!-- 配置destination -->
	<bean id="topicDestination" class="org.apache.activemq.command.ActiveMQTopic">
		<constructor-arg name="name" value="item-add-topic" />
	</bean>

	<!-- 配置监听器 -->
	<bean id="itemChangeListener" class="com.hw.istore.item.listener.GenHtmlListener" />

	<!-- 消息监听容器 -->
	<bean
		class="org.springframework.jms.listener.DefaultMessageListenerContainer">
		<property name="connectionFactory" ref="connectionFactory" />
		<property name="destination" ref="topicDestination" />
		<property name="messageListener" ref="itemChangeListener" />
	</bean>

</beans>