<?xml version="1.0" encoding="UTF-8"?>
<beans xmlns="http://www.springframework.org/schema/beans"
	xmlns:context="http://www.springframework.org/schema/context" xmlns:p="http://www.springframework.org/schema/p"
	xmlns:aop="http://www.springframework.org/schema/aop" xmlns:tx="http://www.springframework.org/schema/tx"
	xmlns:dubbo="http://code.alibabatech.com/schema/dubbo" xmlns:xsi="http://www.w3.org/2001/XMLSchema-instance"
	xmlns:mvc="http://www.springframework.org/schema/mvc"
	xsi:schemaLocation="http://www.springframework.org/schema/beans http://www.springframework.org/schema/beans/spring-beans-4.0.xsd
	http://www.springframework.org/schema/context http://www.springframework.org/schema/context/spring-context-4.0.xsd
	 http://code.alibabatech.com/schema/dubbo http://code.alibabatech.com/schema/dubbo/dubbo.xsd
	 http://www.springframework.org/schema/mvc http://www.springframework.org/schema/mvc/spring-mvc-4.2.xsd
	http://www.springframework.org/schema/aop http://www.springframework.org/schema/aop/spring-aop-4.0.xsd http://www.springframework.org/schema/tx http://www.springframework.org/schema/tx/spring-tx-4.0.xsd
	http://www.springframework.org/schema/util http://www.springframework.org/schema/util/spring-util-4.0.xsd">

	<!-- 加载属性文件 -->
	<context:property-placeholder location="classpath:resource/resource.properties" />

	<!-- 注解驱动 -->
	<mvc:annotation-driven />

	<!-- 注解扫描 -->
	<context:component-scan
		base-package="com.hw.istore.controller,com.hw.istore.search.controller"></context:component-scan>

	<!-- 视图解析器 -->
	<bean
		class="org.springframework.web.servlet.view.InternalResourceViewResolver">
		<property name="prefix" value="/WEB-INF/jsp/" />
		<property name="suffix" value=".jsp" />
	</bean>

	<!-- dubbo服务获取 -->
	<dubbo:application name="istore-manager-web" />
	<dubbo:registry protocol="zookeeper" address="192.168.25.128:2181" />
	<dubbo:reference interface="com.hw.istore.service.ItemService"
		id="itemService" />
	<dubbo:reference interface="com.hw.istore.service.ItemCategoryService"
		id="itemCategoryService" />
	<dubbo:reference interface="com.hw.istore.content.service.ContentCategoryService"
		id="contentCategoryService" />
	<dubbo:reference interface="com.hw.istore.content.service.ContentService"
		id="contentService" />
	<dubbo:reference interface="com.hw.istore.search.service.SearchItemService"
		id="searchItemService" />

	<!-- 静态资源映射 -->
	<mvc:resources location="/WEB-INF/css/" mapping="/css/**" />
	<mvc:resources location="/WEB-INF/js/" mapping="/js/**" />

	<!-- 文件上传 -->
	<bean id="multipartResolver"
		class="org.springframework.web.multipart.commons.CommonsMultipartResolver">
		<!-- 设置上传文件的最大尺寸为5MB -->
		<property name="maxUploadSize">
			<value>5242880</value>
		</property>
		<!-- 设置默认编码 -->
		<property name="defaultEncoding" value="UTF-8" />
	</bean>

</beans>